Teilnehmer;SEIT LETZTEM JAHR IST GASKNAPPHEIT EIN PRSENTES THEMA IM ™FFENTLICHEN DISKURS. WIE GUT FšHLST DU DICH DARšBER INFORMIERT? X SEHR SCHLECHT X SEHR GUT;WIE HOCH SCHTZT DU DEN FšLLSTAND DER DEUTSCHEN GASSPEICHER ZUM AKTUELLEN ZEITPUNKT EIN?;DENKST DU, EINE GASKNAPPHEIT IM WINTER 2024/2025 IST WAHRSCHEINLICH?;DAS RISIKO EINER GASKNAPPHEIT IST IN DEUTSCHLAND IM VERGLEICH ZU ANDEREN EUROPISCHEN LNDERN ...;WELCHE 3 FAKTOREN BEEINFLUSSEN DEINER MEINUNG NACH AM STRKSTEN DIE GASPREISE IN DEUTSCHLAND? X INTERNATIONALE MARKTLAGE;WELCHE 3 FAKTOREN BEEINFLUSSEN DEINER MEINUNG NACH AM STRKSTEN DIE GASPREISE IN DEUTSCHLAND? X POLITISCHE ENTSCHEIDUNGEN;WELCHE 3 FAKTOREN BEEINFLUSSEN DEINER MEINUNG NACH AM STRKSTEN DIE GASPREISE IN DEUTSCHLAND? X KLIMA- UND UMWELTPOLITIK;WELCHE 3 FAKTOREN BEEINFLUSSEN DEINER MEINUNG NACH AM STRKSTEN DIE GASPREISE IN DEUTSCHLAND? X TECHNOLOGISCHE ENTWICKLUNG;WELCHE 3 FAKTOREN BEEINFLUSSEN DEINER MEINUNG NACH AM STRKSTEN DIE GASPREISE IN DEUTSCHLAND? X FšLLSTAND DER GASSPEICHER;WELCHE 3 FAKTOREN BEEINFLUSSEN DEINER MEINUNG NACH AM STRKSTEN DIE GASPREISE IN DEUTSCHLAND? X VERBRAUCHERVERHALTEN;DIE GASPREISE IN DEUTSCHLAND SIND IM VERGLEICH ZUM EUROPISCHEN DURCHSCHNITT ?;ERWARTEST DU IM WINTER 2024/2025 EINEN H™HEREN ODER NIEDRIGEREN GASPREIS ALS IM AKTUELLEN WINTER 2023/2024?;šBER WELCHE MEDIEN INFORMIERST DU DICH šBER POLITISCHE ENTSCHEIDUNGEN ZUR GASVERSORGUNG? X NACHRICHTENPORTALE;šBER WELCHE MEDIEN INFORMIERST DU DICH šBER POLITISCHE ENTSCHEIDUNGEN ZUR GASVERSORGUNG? X SOCIAL MEDIA;šBER WELCHE MEDIEN INFORMIERST DU DICH šBER POLITISCHE ENTSCHEIDUNGEN ZUR GASVERSORGUNG? X FERNSEHEN;šBER WELCHE MEDIEN INFORMIERST DU DICH šBER POLITISCHE ENTSCHEIDUNGEN ZUR GASVERSORGUNG? X ZEITUNG;šBER WELCHE MEDIEN INFORMIERST DU DICH šBER POLITISCHE ENTSCHEIDUNGEN ZUR GASVERSORGUNG? X ANDERE;šBER WELCHE MEDIEN INFORMIERST DU DICH šBER POLITISCHE ENTSCHEIDUNGEN ZUR GASVERSORGUNG? X GAR NICHT;WELCHEN EINFLUSS HAT DEINER MEINUNG NACH GEOPOLITISCHE BETEILIGUNG DEUTSCHLANDS AUF DIE FšLLSTNDE DER DEUTSCHEN GASRESERVEN? X SEHR KLEINEN EINFLUSS X SEHR GROSSEN EINFLUS;VON WELCHEM LAND IMPORTIERT DEUTSCHLAND AKTUELL DAS MEISTE GAS?;WELCHES INTERNATIONALE ABKOMMEN ZIELT DARAUF AB, DIE TREIBHAUSGASEMISSIONEN ZU REDUZIEREN UND BEEINFLUSST SOMIT INDIREKT DIE GASPOLITIK?;IN DER KALENDERWOCHE BIS ZUM 10.12.2023 WAR ES IM SCHNITT 1,6 GRAD KLTER ALS IM SELBEN ZEITRAUM DER JAHRE 2018 BIS 2021. WIE HAT SICH DAS AUF DEN GASVERBRAUCH AUSGEWIRKT?;WIE STARK DENKST DU IST DER ZUSAMMENHANG ZWISCHEN AUSSENTEMPERATUR UND GASVERBRAUCH VON PRIVATHAUSHALTEN? X SEHR NIEDRIG X SEHR HOC;DENKST DU, DER DURCHSCHNITTLICHE BšRGER HAT IM WINTER 2022/2023, ALS GASKNAPPHEIT EIN PRSENTES THEMA IN DEN MEDIEN WAR, BEWUSSTER AUF SEINEN GASVERBRAUCH GEACHTET ALS IN VORJAHREN?;WAS DENKST DU WIE STARK DER BISHERIGE AUSBAU VON ERNEUERBARER ENERGIE (SOLAR, WRMELEITPUMPEN, WINDKRAFT, WASSERKRAFT) DEN GASVERBRAUCH VERRINGERT? X SEHR SCHWACH X SEHR STARK;WELCHE 3 FAKTOREN BEEINFLUSSEN DEINER MEINUNG NACH AM STRKSTEN DEN FšLLSTAND DER DEUTSCHEN GASSPEICHER? X INTERNATIONALE MARKTLAGE;WELCHE 3 FAKTOREN BEEINFLUSSEN DEINER MEINUNG NACH AM STRKSTEN DEN FšLLSTAND DER DEUTSCHEN GASSPEICHER? X POLITISCHE ENTSCHEIDUNGEN;WELCHE 3 FAKTOREN BEEINFLUSSEN DEINER MEINUNG NACH AM STRKSTEN DEN FšLLSTAND DER DEUTSCHEN GASSPEICHER? X UMWELT- UND KLIMAPOLITIK;WELCHE 3 FAKTOREN BEEINFLUSSEN DEINER MEINUNG NACH AM STRKSTEN DEN FšLLSTAND DER DEUTSCHEN GASSPEICHER? X TECHNISCHE ENTWICKLUNGEN;WELCHE 3 FAKTOREN BEEINFLUSSEN DEINER MEINUNG NACH AM STRKSTEN DEN FšLLSTAND DER DEUTSCHEN GASSPEICHER? X GASPREIS;WELCHE 3 FAKTOREN BEEINFLUSSEN DEINER MEINUNG NACH AM STRKSTEN DEN FšLLSTAND DER DEUTSCHEN GASSPEICHER? X VERBRAUCHERVERHALTEN;WELCHE 2 FAKTOREN BEEINFLUSSEN DEINER MEINUNG NACH DEN INDIVIDUELLEN GASVERBRAUCH AM STRKSTEN? X PREIS;WELCHE 2 FAKTOREN BEEINFLUSSEN DEINER MEINUNG NACH DEN INDIVIDUELLEN GASVERBRAUCH AM STRKSTEN? X PERS™NLICHE GEWOHNHEITEN;WELCHE 2 FAKTOREN BEEINFLUSSEN DEINER MEINUNG NACH DEN INDIVIDUELLEN GASVERBRAUCH AM STRKSTEN? X POLITISCHE EINSTELLUNG;WELCHE 2 FAKTOREN BEEINFLUSSEN DEINER MEINUNG NACH DEN INDIVIDUELLEN GASVERBRAUCH AM STRKSTEN? X WETTER;WIE WICHTIG IST ES FšR DICH PERS™NLICH, BEWUSST AUF DEINEN ENERGIEVERBAUCH IM ALLTAG ZU ACHTEN? (VON 4);SETZT DU BEWUSST ENERGIESPARMASSNAMEN UM;WELCHE INFORMATIONEN WšRDEN DIR HELFEN DICH BEWUSSTER MIT DEINEM ENERGIEVERBRAUCH AUSEINANDERZUSETZEN? X TIPPS ZUM ENERGIESPAREN;WELCHE INFORMATIONEN WšRDEN DIR HELFEN DICH BEWUSSTER MIT DEINEM ENERGIEVERBRAUCH AUSEINANDERZUSETZEN? X ERH™HTE MEDIENPRSENZ;WELCHE INFORMATIONEN WšRDEN DIR HELFEN DICH BEWUSSTER MIT DEINEM ENERGIEVERBRAUCH AUSEINANDERZUSETZEN? X HUFIGE GASSPEICHERFšLLSTAND UPDATES;WELCHE INFORMATIONEN WšRDEN DIR HELFEN DICH BEWUSSTER MIT DEINEM ENERGIEVERBRAUCH AUSEINANDERZUSETZEN? X VERGLEICH DES EIGENEN MIT DEM DURCHSCHNITTLICHEN VERBRAUCH;WELCHE INFORMATIONEN WšRDEN DIR HELFEN DICH BEWUSSTER MIT DEINEM ENERGIEVERBRAUCH AUSEINANDERZUSETZEN? X ANDERE;WELCHE 3 DER FOLGENDEN ENERGIEQUELLEN DENKST DU SIND IN ZUKUNFT AM RELEVANTESTEN? X ERDGAS;WELCHE 3 DER FOLGENDEN ENERGIEQUELLEN DENKST DU SIND IN ZUKUNFT AM RELEVANTESTEN? X ERD™L;WELCHE 3 DER FOLGENDEN ENERGIEQUELLEN DENKST DU SIND IN ZUKUNFT AM RELEVANTESTEN? X BRAUNKOHLE;WELCHE 3 DER FOLGENDEN ENERGIEQUELLEN DENKST DU SIND IN ZUKUNFT AM RELEVANTESTEN? X ATOMKRAFT;WELCHE 3 DER FOLGENDEN ENERGIEQUELLEN DENKST DU SIND IN ZUKUNFT AM RELEVANTESTEN? X WASSERKRAFT;WELCHE 3 DER FOLGENDEN ENERGIEQUELLEN DENKST DU SIND IN ZUKUNFT AM RELEVANTESTEN? X SONNENERGIE;WELCHE 3 DER FOLGENDEN ENERGIEQUELLEN DENKST DU SIND IN ZUKUNFT AM RELEVANTESTEN? X WINDKRAFT;WIE WICHTIG IST ES FšR DICH, DASS ZUKšNFTIGE ENERGIEPRODUKTIONSTECHNOLOGIEN UMWELTFREUNDLICH SIND? X SEHR UNWICHTIG X SEHR WICHTIG;BIST DU MNNLICH ODER WEIBLICH?;WIE ALT BIST DU?;WIE IST DEIN FAMILIENSTAND?;WAS STUDIERST DU?;IN WELCHEM SEMESTER BEFINDEST DU DICH?;WIE IST DEINE AKTUELLE WOHNSITUATION?;WIE VIEL GELD HAST DU DURCHSCHNITTLICH IM MONAT ZUR VERFšGUNG?;WAS SIND DEINE EINKOMMENSQUELLEN? X ELTERN;WAS SIND DEINE EINKOMMENSQUELLEN? X BAF™G;WAS SIND DEINE EINKOMMENSQUELLEN? X MINIJOB/STUDENTENJOB;WAS SIND DEINE EINKOMMENSQUELLEN? X WERKSTUDENT;WAS SIND DEINE EINKOMMENSQUELLEN? X DUALES STUDIUM;WAS SIND DEINE EINKOMMENSQUELLEN? X ANDERE
1;-1;> 80%;Nein;... h”her.;Ja;Ja;Ja;Nein;Nein;Nein;... h”her;Niedriger;Nein;Nein;Nein;Nein;Nein;Ja;2;Norwegen;Pariser Abkommen;ca. 3% h”her;2;Ja;-1;Ja;Ja;Ja;Nein;Nein;Nein;Nein;Nein;Ja;Ja;2;Nein;Nein;Nein;Ja;Nein;Nein;Nein;Nein;Nein;Ja;Nein;Ja;Ja;-1;M„nnlich;22;Ledig;Data Science Management (B.Sc.);3;Studentenwohnheim;500? - 1000?;Ja;Nein;Nein;Ja;Nein;Nein
2;1;21% - 40%;Ja;... h”her.;Ja;Ja;Ja;Nein;Nein;Nein;... h”her;H”her;Ja;Ja;Ja;Nein;Nein;Nein;2;Katar;Ich weiá es nicht;ca. 3% h”her;2;Ja;-1;Ja;Ja;Ja;Nein;Nein;Nein;Ja;Nein;Ja;Nein;3;Ja;Ja;Nein;Nein;Ja;Nein;Nein;Nein;Nein;Ja;Ja;Ja;Nein;1;M„nnlich;19;Ledig;Wirtschaftsingenieurwesen (B.Eng.);2;Bei den Eltern;< 500?;Ja;Nein;Ja;Nein;Nein;Nein
3;1;21% - 40%;Nein;... niedriger.;Ja;Ja;Nein;Nein;Nein;Ja;... h”her;H”her;Nein;Nein;Nein;Nein;Nein;Ja;0;Russland;Ich weiá es nicht;ca. 3 % niedriger;1;Nein;-1;Nein;Ja;Nein;Nein;Ja;Ja;Ja;Ja;Nein;Nein;1;Nein;Nein;Nein;Nein;Ja;Nein;Ja;Ja;Nein;Ja;Nein;Nein;Nein;1;Weiblich;25;Ledig;Wirtschaftsingenieurwesen (B.Eng.);2;Studentenwohnheim;< 500?;Nein;Nein;Ja;Nein;Nein;Nein
4;0;41% - 60%;Ja;... h”her.;Nein;Ja;Ja;Nein;Ja;Nein;... h”her;H”her;Ja;Ja;Nein;Nein;Nein;Nein;1;Russland;Ich weiá es nicht;ca. 3 % niedriger;1;Nein;0;Nein;Ja;Ja;Nein;Ja;Nein;Ja;Ja;Nein;Nein;3;Ja;Ja;Ja;Ja;Nein;Nein;Ja;Nein;Nein;Ja;Nein;Nein;Ja;0;Weiblich;22;Ledig;Wirtschaftsingenieurwesen (B.Eng.);3;Studentenwohnheim;500? - 1000?;Ja;Ja;Nein;Ja;Nein;Nein
5;-1;61% - 80%;Nein;... niedriger.;Nein;Ja;Nein;Ja;Ja;Nein;... h”her;Niedriger;Ja;Ja;Nein;Nein;Nein;Nein;1;Katar;Pariser Abkommen;exakt gleich;0;Nein;1;Nein;Ja;Nein;Nein;Ja;Ja;Ja;Nein;Ja;Nein;3;Nein;Nein;Nein;Ja;Ja;Nein;Nein;Ja;Nein;Nein;Ja;Ja;Nein;1;M„nnlich;24;Ledig;Wirtschaftsingenieurwesen (B.Eng.);1;Bei den Eltern;1000? - 1500?;Nein;Nein;Nein;Ja;Nein;Nein
6;1;21% - 40%;Nein;... niedriger.;Nein;Ja;Ja;Nein;Nein;Ja;... h”her;H”her;Nein;Ja;Nein;Nein;Ja;Nein;1;Niederlande;Ich weiá es nicht;ca. 3% h”her;1;Ja;-1;Nein;Ja;Ja;Nein;Ja;Nein;Ja;Ja;Nein;Nein;3;Ja;Nein;Nein;Nein;Ja;Nein;Ja;Ja;Nein;Ja;Nein;Nein;Nein;1;M„nnlich;20;Ledig;Data Science Management (B.Sc.);3;Bei den Eltern;< 500?;Ja;Nein;Ja;Nein;Nein;Nein
7;-1;21% - 40%;Ja;... h”her.;Nein;Ja;Ja;Nein;Nein;Ja;... h”her;H”her;Nein;Ja;Nein;Nein;Nein;Nein;0;Katar;Ich weiá es nicht;exakt gleich;1;Ja;0;Nein;Ja;Ja;Nein;Nein;Ja;Ja;Ja;Nein;Nein;3;Ja;Nein;Ja;Ja;Ja;Nein;Ja;Ja;Nein;Nein;Nein;Ja;Nein;1;M„nnlich;19;Ledig;Digital Enterprise Management (B.Sc.);3;Bei den Eltern;< 500?;Ja;Nein;Ja;Nein;Nein;Nein
8;-1;41% - 60%;Ja;... h”her.;Ja;Ja;Nein;Nein;Ja;Nein;... niedriger;Niedriger;Ja;Ja;Nein;Nein;Nein;Nein;1;Belgien;Pariser Abkommen;ca. 3% h”her;2;Ja;-1;Ja;Ja;Nein;Nein;Ja;Nein;Ja;Ja;Nein;Nein;3;Ja;Ja;Nein;Nein;Ja;Nein;Nein;Nein;Nein;Ja;Nein;Ja;Ja;0;M„nnlich;22;Ledig;Informationsmanagement und Unternehmenskommunikation (B.A.);3;Bei den Eltern;< 500?;Ja;Ja;Ja;Nein;Nein;Nein
9;-1;21% - 40%;Ja;... niedriger.;Nein;Ja;Ja;Nein;Nein;Ja;... h”her;H”her;Nein;Ja;Nein;Nein;Nein;Nein;-1;Russland;Ich weiá es nicht;ca. 3% h”her;2;Nein;0;Ja;Ja;Nein;Nein;Nein;Ja;Ja;Ja;Nein;Nein;3;Nein;Nein;Ja;Ja;Nein;Nein;Nein;Ja;Nein;Nein;Nein;Ja;Ja;1;Weiblich;23;Ledig;Digital Enterprise Management (B.Sc.);5;Wohnung (Miete/Eigentum);> 1500?;Nein;Nein;Ja;Ja;Nein;Nein
10;-1;< 20%;Ja;... h”her.;Ja;Nein;Ja;Nein;Nein;Ja;... h”her;H”her;Ja;Ja;Ja;Nein;Nein;Nein;1;Norwegen;Ich weiá es nicht;ca. 3 % niedriger;1;Ja;0;Ja;Nein;Ja;Nein;Ja;Nein;Ja;Nein;Nein;Ja;3;Ja;Ja;Nein;Ja;Nein;Nein;Nein;Nein;Nein;Ja;Ja;Ja;Nein;1;M„nnlich;20;Ledig;Physician Assistant (B.Sc.);5;Studentenwohnheim;500? - 1000?;Ja;Nein;Nein;Nein;Nein;Nein
11;-1;> 80%;Nein;... h”her.;Ja;Ja;Ja;Nein;Nein;Nein;... h”her;H”her;Nein;Nein;Nein;Nein;Ja;Nein;2;Russland;Ich weiá es nicht;exakt gleich;2;Ja;0;Ja;Ja;Ja;Nein;Nein;Nein;Nein;Ja;Ja;Nein;4;Ja;Nein;Nein;Nein;Ja;Nein;Nein;Nein;Nein;Ja;Ja;Ja;Nein;-2;M„nnlich;29;Geschieden;Betriebswirtschaft (B.A.);8;Wohnung (Miete/Eigentum);< 500?;Nein;Nein;Nein;Ja;Nein;Nein
12;0;61% - 80%;Nein;... h”her.;Ja;Ja;Ja;Nein;Nein;Nein;... h”her;H”her;Ja;Ja;Ja;Ja;Nein;Nein;1;Norwegen;Pariser Abkommen;ca. 3 % niedriger;2;Ja;-1;Ja;Ja;Ja;Nein;Nein;Nein;Ja;Ja;Nein;Nein;1;Nein;Nein;Nein;Nein;Ja;Nein;Ja;Nein;Nein;Ja;Nein;Ja;Nein;-2;M„nnlich;25;Ledig;Betriebswirtschaft (B.A.);5;Bei den Eltern;500? - 1000?;Nein;Nein;Nein;Ja;Nein;Nein
13;0;61% - 80%;Nein;... niedriger.;Ja;Ja;Ja;Nein;Nein;Nein;... h”her;Niedriger;Ja;Nein;Nein;Nein;Nein;Nein;0;Niederlande;Ich weiá es nicht;ca. 3% h”her;1;Ja;1;Ja;Ja;Ja;Nein;Nein;Nein;Ja;Nein;Nein;Ja;3;Nein;Ja;Ja;Nein;Ja;Nein;Nein;Nein;Nein;Nein;Ja;Ja;Ja;2;Weiblich;22;Ledig;Betriebswirtschaft (B.A.);6;Bei den Eltern;500? - 1000?;Ja;Nein;Nein;Ja;Nein;Nein
14;1;> 80%;Nein;... niedriger.;Ja;Ja;Ja;Nein;Nein;Nein;... h”her;H”her;Ja;Nein;Ja;Nein;Ja;Nein;1;Norwegen;Pariser Abkommen;exakt gleich;1;Ja;0;Ja;Ja;Nein;Nein;Ja;Nein;Ja;Nein;Nein;Ja;4;Ja;Ja;Nein;Nein;Ja;Ja;Ja;Nein;Nein;Ja;Nein;Ja;Nein;-1;M„nnlich;28;Ledig;Systems Engineering (B.Eng.);11;Bei den Eltern;< 500?;Nein;Nein;Nein;Ja;Nein;Ja
15;0;41% - 60%;Ja;... niedriger.;Ja;Ja;Ja;Nein;Nein;Nein;... h”her;Niedriger;Ja;Ja;Nein;Nein;Nein;Nein;1;Russland;Pariser Abkommen;exakt gleich;1;Ja;1;Ja;Ja;Nein;Nein;Ja;Nein;Ja;Ja;Nein;Nein;3;Ja;Ja;Nein;Nein;Ja;Nein;Nein;Nein;Nein;Nein;Ja;Ja;Ja;2;M„nnlich;21;Ledig;Betriebswirtschaft im Gesundheitswesen (B.A.);3;Studentenwohnheim;1000? - 1500?;Ja;Ja;Nein;Nein;Nein;Ja
16;1;61% - 80%;Nein;... niedriger.;Ja;Nein;Ja;Ja;Nein;Nein;... h”her;H”her;Ja;Nein;Ja;Nein;Nein;Nein;1;Norwegen;Pariser Abkommen;ca. 3% h”her;0;Ja;0;Ja;Nein;Ja;Nein;Nein;Ja;Nein;Ja;Nein;Ja;3;Ja;Ja;Nein;Nein;Nein;Nein;Ja;Nein;Nein;Nein;Nein;Ja;Ja;2;M„nnlich;56;Verheiratet;Vorbeugender Brandschutz (M.Eng.);9;Haus (Miete/Eigentum);> 1500?;Nein;Nein;Nein;Nein;Nein;Ja
17;-1;41% - 60%;Nein;... niedriger.;Nein;Ja;Ja;Nein;Nein;Ja;... h”her;Niedriger;Nein;Ja;Nein;Nein;Nein;Nein;1;Katar;Pariser Abkommen;ca. 3 % niedriger;0;Ja;2;Nein;Ja;Ja;Nein;Nein;Ja;Ja;Nein;Nein;Ja;3;Ja;Ja;Nein;Nein;Ja;Nein;Nein;Nein;Nein;Nein;Ja;Ja;Ja;2;Weiblich;25;Ledig;Betriebswirtschaft (B.A.);7;Bei den Eltern;> 1500?;Nein;Nein;Nein;Nein;Nein;Ja
18;1;> 80%;Nein;... niedriger.;Ja;Nein;Nein;Nein;Ja;Ja;... h”her;H”her;Ja;Ja;Nein;Nein;Nein;Nein;1;Russland;Pariser Abkommen;ca. 3% h”her;2;Nein;-1;Ja;Ja;Nein;Nein;Nein;Ja;Ja;Ja;Nein;Nein;3;Nein;Nein;Ja;Nein;Ja;Nein;Nein;Nein;Nein;Nein;Ja;Ja;Ja;2;M„nnlich;22;Ledig;Data Science Management (B.Sc.);5;Bei den Eltern;500? - 1000?;Ja;Nein;Nein;Ja;Nein;Nein
19;2;> 80%;Nein;... niedriger.;Nein;Ja;Nein;Ja;Nein;Ja;... niedriger;Niedriger;Ja;Nein;Ja;Ja;Nein;Nein;-1;Norwegen;Pariser Abkommen;exakt gleich;0;Ja;0;Nein;Ja;Ja;Nein;Nein;Ja;Ja;Ja;Nein;Nein;2;Nein;Nein;Nein;Nein;Ja;Nein;Ja;Nein;Nein;Nein;Ja;Nein;Ja;-1;M„nnlich;26;Ledig;Social Entrepreneurship for Sustainable Development (M.A.);1;Bei den Eltern;500? - 1000?;Ja;Nein;Ja;Ja;Nein;Nein
20;-1;41% - 60%;Nein;... niedriger.;Ja;Ja;Nein;Nein;Nein;Ja;... h”her;H”her;Nein;Nein;Nein;Ja;Nein;Nein;-1;Norwegen;NAFTA;ca. 3% h”her;1;Nein;1;Ja;Ja;Nein;Nein;Nein;Ja;Nein;Ja;Nein;Ja;4;Ja;Ja;Nein;Nein;Ja;Nein;Nein;Nein;Nein;Nein;Ja;Ja;Ja;2;Weiblich;22;Ledig;Information Management Automotive (B.Sc.);5;WG;1000? - 1500?;Nein;Ja;Ja;Nein;Nein;Nein
21;-1;61% - 80%;Ja;... niedriger.;Ja;Ja;Ja;Nein;Nein;Nein;... h”her;H”her;Ja;Ja;Ja;Nein;Nein;Nein;1;Belgien;Ich weiá es nicht;exakt gleich;1;Nein;2;Ja;Ja;Ja;Nein;Nein;Nein;Ja;Nein;Nein;Ja;4;Ja;Ja;Ja;Nein;Ja;Nein;Nein;Nein;Nein;Nein;Ja;Ja;Ja;2;Weiblich;26;Ledig;Information Management Automotive (B.Sc.);3;Bei den Eltern;500? - 1000?;Nein;Nein;Nein;Ja;Nein;Nein
22;1;61% - 80%;Ja;... h”her.;Ja;Ja;Ja;Nein;Nein;Nein;... h”her;H”her;Nein;Nein;Nein;Nein;Ja;Nein;1;Katar;Ich weiá es nicht;exakt gleich;2;Ja;0;Ja;Ja;Ja;Nein;Nein;Nein;Ja;Nein;Nein;Ja;2;Ja;Ja;Nein;Nein;Nein;Nein;Nein;Nein;Nein;Ja;Nein;Ja;Ja;0;M„nnlich;26;Ledig;Game-Produktion und Management (B.A.);3;Bei den Eltern;> 1500?;Nein;Nein;Nein;Ja;Nein;Nein
23;-1;21% - 40%;Nein;... h”her.;Ja;Ja;Ja;Nein;Nein;Nein;... h”her;Niedriger;Nein;Nein;Ja;Nein;Nein;Nein;1;Norwegen;Ich weiá es nicht;ca. 3% h”her;1;Ja;0;Ja;Ja;Ja;Nein;Nein;Nein;Ja;Ja;Nein;Nein;3;Nein;Ja;Ja;Nein;Nein;Nein;Nein;Nein;Nein;Nein;Ja;Ja;Ja;2;M„nnlich;21;Ledig;Digital Enterprise Management (B.Sc.);5;Bei den Eltern;500? - 1000?;Nein;Nein;Ja;Nein;Nein;Ja
24;-2;> 80%;Nein;... niedriger.;Ja;Ja;Ja;Nein;Nein;Nein;... h”her;H”her;Ja;Nein;Nein;Ja;Ja;Nein;2;Katar;Ich weiá es nicht;exakt gleich;1;Ja;-1;Ja;Ja;Nein;Nein;Nein;Ja;Ja;Nein;Nein;Ja;4;Ja;Nein;Nein;Nein;Ja;Nein;Nein;Nein;Nein;Nein;Ja;Ja;Ja;1;Weiblich;44;Verheiratet;Betriebswirtschaft (B.A.);5;Haus (Miete/Eigentum);> 1500?;Ja;Nein;Nein;Nein;Nein;Nein
25;-1;61% - 80%;Nein;... niedriger.;Ja;Ja;Ja;Nein;Nein;Nein;... h”her;H”her;Nein;Nein;Nein;Nein;Nein;Ja;0;Norwegen;Ich weiá es nicht;ca. 3 % niedriger;1;Ja;0;Ja;Ja;Ja;Nein;Nein;Nein;Ja;Nein;Nein;Ja;3;Ja;Nein;Ja;Nein;Nein;Nein;Ja;Nein;Nein;Nein;Ja;Nein;Ja;2;Weiblich;19;Ledig;Wirtschaftsinformatik (B.Sc.);1;WG;500? - 1000?;Ja;Nein;Nein;Nein;Nein;Nein
26;1;21% - 40%;Ja;... h”her.;Ja;Ja;Nein;Nein;Nein;Ja;... niedriger;H”her;Ja;Ja;Ja;Nein;Nein;Nein;0;Russland;Ich weiá es nicht;ca. 3% h”her;0;Nein;0;Ja;Ja;Ja;Nein;Nein;Nein;Ja;Nein;Ja;Nein;4;Nein;Ja;Nein;Nein;Ja;Nein;Nein;Nein;Nein;Ja;Nein;Ja;Ja;0;Weiblich;21;Ledig;Betriebswirtschaft im Gesundheitswesen (B.A.);3;Bei den Eltern;< 500?;Nein;Ja;Nein;Nein;Nein;Nein
27;-2;21% - 40%;Nein;... h”her.;Ja;Ja;Nein;Nein;Ja;Nein;... h”her;Niedriger;Nein;Nein;Ja;Nein;Nein;Nein;0;Niederlande;Pariser Abkommen;ca. 3% h”her;-1;Ja;-1;Nein;Ja;Nein;Nein;Ja;Ja;Ja;Ja;Nein;Nein;1;Nein;Ja;Nein;Nein;Ja;Nein;Ja;Ja;Ja;Nein;Nein;Nein;Nein;-2;Weiblich;22;Ledig;Digitales Medizin- und Pflegemanagement (B.Sc.);2;Bei den Eltern;< 500?;Ja;Nein;Nein;Nein;Nein;Nein
28;1;> 80%;Nein;... niedriger.;Ja;Ja;Ja;Nein;Nein;Nein;... h”her;H”her;Nein;Nein;Ja;Nein;Nein;Nein;0;Russland;Ich weiá es nicht;ca. 3% h”her;0;Nein;-1;Ja;Ja;Ja;Nein;Nein;Nein;Nein;Ja;Nein;Ja;3;Ja;Ja;Nein;Nein;Nein;Nein;Nein;Nein;Nein;Ja;Nein;Ja;Ja;2;Weiblich;20;Ledig;Betriebswirtschaft (B.A.);6;WG;500? - 1000?;Ja;Nein;Ja;Nein;Nein;Nein
29;-2;21% - 40%;Ja;... h”her.;Ja;Ja;Ja;Nein;Nein;Nein;... h”her;H”her;Ja;Nein;Nein;Nein;Nein;Nein;-2;Katar;Pariser Abkommen;ca. 3 % niedriger;2;Ja;0;Ja;Ja;Ja;Nein;Nein;Nein;Ja;Nein;Nein;Ja;4;Ja;Nein;Nein;Ja;Nein;Nein;Nein;Nein;Nein;Nein;Ja;Ja;Ja;2;Weiblich;22;Ledig;Physician Assistant (B.Sc.);2;Bei den Eltern;< 500?;Ja;Nein;Nein;Nein;Nein;Nein
30;0;41% - 60%;Nein;... h”her.;Ja;Ja;Ja;Nein;Nein;Nein;... h”her;H”her;Nein;Nein;Nein;Nein;Nein;Ja;2;Katar;Ich weiá es nicht;exakt gleich;1;Ja;0;Ja;Ja;Nein;Nein;Ja;Nein;Ja;Ja;Nein;Nein;2;Nein;Nein;Nein;Nein;Nein;Ja;Nein;Nein;Nein;Ja;Nein;Ja;Ja;2;M„nnlich;21;Ledig;Digital Enterprise Management (B.Sc.);3;Studentenwohnheim;500? - 1000?;Ja;Nein;Nein;Nein;Nein;Ja
31;-1;41% - 60%;Nein;... h”her.;Ja;Nein;Ja;Nein;Nein;Ja;... h”her;H”her;Ja;Ja;Nein;Nein;Nein;Nein;1;Russland;Ich weiá es nicht;ca. 3% h”her;2;Nein;2;Ja;Nein;Nein;Nein;Ja;Ja;Ja;Ja;Nein;Nein;3;Ja;Ja;Ja;Nein;Ja;Nein;Ja;Ja;Nein;Nein;Nein;Ja;Nein;1;Weiblich;20;Ledig;Physician Assistant (B.Sc.);2;Bei den Eltern;< 500?;Ja;Nein;Nein;Nein;Nein;Nein
32;-1;> 80%;Nein;... niedriger.;Ja;Ja;Ja;Nein;Nein;Nein;... niedriger;H”her;Nein;Ja;Nein;Nein;Nein;Nein;1;Katar;Ich weiá es nicht;exakt gleich;1;Ja;-1;Ja;Ja;Ja;Nein;Nein;Nein;Ja;Ja;Nein;Nein;3;Nein;Ja;Ja;Nein;Nein;Nein;Nein;Nein;Nein;Nein;Ja;Ja;Ja;1;Weiblich;20;Ledig;Betriebswirtschaft (B.A.);1;Studentenwohnheim;< 500?;Ja;Ja;Ja;Nein;Nein;Nein
33;-1;41% - 60%;Ja;... h”her.;Ja;Ja;Ja;Nein;Nein;Nein;... niedriger;H”her;Ja;Nein;Nein;Nein;Nein;Nein;1;Russland;Ich weiá es nicht;ca. 3% h”her;2;Ja;1;Ja;Ja;Ja;Nein;Nein;Nein;Ja;Nein;Nein;Ja;3;Ja;Ja;Nein;Ja;Nein;Nein;Ja;Ja;Nein;Nein;Nein;Ja;Nein;-1;Weiblich;21;Ledig;Data Science Management (B.Sc.);3.;Haus (Miete/Eigentum);500? - 1000?;Ja;Nein;Nein;Nein;Nein;Nein
34;0;21% - 40%;Ja;... niedriger.;Nein;Ja;Ja;Nein;Ja;Nein;... h”her;H”her;Nein;Ja;Ja;Nein;Nein;Nein;1;Katar;Ich weiá es nicht;ca. 3% h”her;1;Ja;2;Nein;Ja;Ja;Nein;Ja;Nein;Ja;Nein;Nein;Ja;2;Nein;Ja;Nein;Ja;Nein;Nein;Ja;Ja;Nein;Ja;Nein;Nein;Nein;2;Weiblich;21;Ledig;Digitales Medizin- und Pflegemanagement (B.Sc.);1;Bei den Eltern;< 500?;Ja;Ja;Nein;Nein;Nein;Nein
35;1;61% - 80%;Nein;... h”her.;Ja;Nein;Ja;Nein;Ja;Nein;... h”her;H”her;Ja;Ja;Ja;Nein;Nein;Nein;1;Katar;Pariser Abkommen;ca. 3% h”her;0;Ja;1;Ja;Nein;Ja;Nein;Ja;Nein;Ja;Ja;Nein;Nein;1;Nein;Ja;Nein;Ja;Nein;Nein;Nein;Ja;Nein;Ja;Nein;Ja;Nein;0;M„nnlich;28;Ledig;Wirtschaftsinformatik (B.Sc.);5;Haus (Miete/Eigentum);> 1500?;Nein;Nein;Nein;Nein;Ja;Nein
36;0;> 80%;Nein;... niedriger.;Ja;Ja;Ja;Nein;Nein;Nein;... niedriger;Niedriger;Nein;Nein;Nein;Nein;Nein;Ja;0;Norwegen;Pariser Abkommen;ca. 3 % niedriger;2;Ja;-1;Ja;Ja;Nein;Nein;Nein;Ja;Nein;Ja;Nein;Ja;2;Nein;Ja;Nein;Nein;Ja;Nein;Nein;Nein;Nein;Ja;Ja;Ja;Nein;0;M„nnlich;29;Ledig;Data Science Management (B.Sc.);3;Studentenwohnheim;1000? - 1500?;Nein;Ja;Ja;Nein;Nein;Nein
37;0;> 80%;Nein;... niedriger.;Nein;Ja;Ja;Ja;Nein;Nein;... h”her;H”her;Nein;Ja;Nein;Nein;Nein;Ja;0;Niederlande;Ich weiá es nicht;exakt gleich;0;Nein;0;Ja;Nein;Ja;Ja;Nein;Nein;Nein;Nein;Ja;Ja;2;Nein;Nein;Ja;Nein;Nein;Nein;Nein;Ja;Ja;Ja;Nein;Nein;Nein;-1;M„nnlich;22;Ledig;Digital Enterprise Management (B.Sc.);3;Wohnung (Miete/Eigentum);500? - 1000?;Nein;Nein;Nein;Ja;Nein;Nein
